id,height,weight
1,137.9293425061458,60.45614600492906
2,152.7742924211066,50.03227110280592
3,160.84441176683055,54.474922107240204
4,126.54302297370651,71.28917634552539
5,154.2912468881105,89.18988117941542
6,155.06055892157573,67.79429011218451
7,144.2526003986535,59.77980988386716
8,144.53368144215813,51.776091667403776
9,144.35548000906718,53.25656639462121
10,141.09962170955896,118.31670356978682
